<?xml version="1.0" encoding="UTF-8"?>
<project-private xmlns="http://www.netbeans.org/ns/project-private/1">
    <editor-bookmarks xmlns="http://www.netbeans.org/ns/editor-bookmarks/2" lastBookmarkId="0"/>
    <open-files xmlns="http://www.netbeans.org/ns/projectui-open-files/2">
        <group>
            <file>file:/D:/Documentos/FP/1/PROG/Tareas/Unidad%207/Tarea%201/Ejercicio2/src/ejercicio2/Ejercicio2.java</file>
            <file>file:/D:/Documentos/FP/1/PROG/Tareas/Unidad%207/Tarea%201/Ejercicio2/src/ejercicio2/GUI.java</file>
        </group>
    </open-files>
</project-private>
